resourceId,objectID,market,language,locale,page_type,title,slug,url,search_term,priority,active,startDate,endDate,imageUrl
gt-en-membership-info,gt-en-membership-info-membership,gt,en,en-gt,landing_page,Membership Information,membership-info,https://www.pricesmart.com/en-gt/membership/info,membership,10,True,2026-05-07,2027-05-07,https://raw.githubusercontent.com/saicharan-gampa-devcoder/pricesmart-algolia-redirects-and-assets-for-pages/9cc0c3cb96d2b3fb96009b0a99f20ac7c90ca6d9/pricesmart-assets/landing-pages-images/membership-info.svg
gt-en-membership-info,gt-en-membership-info-renew-membership,gt,en,en-gt,landing_page,Membership Information,membership-info,https://www.pricesmart.com/en-gt/membership/info,renew membership,10,True,2026-05-07,2027-05-07,https://raw.githubusercontent.com/saicharan-gampa-devcoder/pricesmart-algolia-redirects-and-assets-for-pages/9cc0c3cb96d2b3fb96009b0a99f20ac7c90ca6d9/pricesmart-assets/landing-pages-images/membership-info.svg
gt-en-membership-info,gt-en-membership-info-membership-cost,gt,en,en-gt,landing_page,Membership Information,membership-info,https://www.pricesmart.com/en-gt/membership/info,membership cost,10,True,2026-05-07,2027-05-07,https://raw.githubusercontent.com/saicharan-gampa-devcoder/pricesmart-algolia-redirects-and-assets-for-pages/9cc0c3cb96d2b3fb96009b0a99f20ac7c90ca6d9/pricesmart-assets/landing-pages-images/membership-info.svg
gt-en-membership-info,gt-en-membership-info-benefits-of-membership,gt,en,en-gt,landing_page,Membership Information,membership-info,https://www.pricesmart.com/en-gt/membership/info,benefits of membership,10,True,2026-05-07,2027-05-07,https://raw.githubusercontent.com/saicharan-gampa-devcoder/pricesmart-algolia-redirects-and-assets-for-pages/9cc0c3cb96d2b3fb96009b0a99f20ac7c90ca6d9/pricesmart-assets/landing-pages-images/membership-info.svg
gt-en-membership-info,gt-en-membership-info-become-member,gt,en,en-gt,landing_page,Membership Information,membership-info,https://www.pricesmart.com/en-gt/membership/info,become member,10,True,2026-05-07,2027-05-07,https://raw.githubusercontent.com/saicharan-gampa-devcoder/pricesmart-algolia-redirects-and-assets-for-pages/9cc0c3cb96d2b3fb96009b0a99f20ac7c90ca6d9/pricesmart-assets/landing-pages-images/membership-info.svg
gt-en-membership-info,gt-en-membership-info-why-membership,gt,en,en-gt,landing_page,Membership Information,membership-info,https://www.pricesmart.com/en-gt/membership/info,why membership,10,True,2026-05-07,2027-05-07,https://raw.githubusercontent.com/saicharan-gampa-devcoder/pricesmart-algolia-redirects-and-assets-for-pages/9cc0c3cb96d2b3fb96009b0a99f20ac7c90ca6d9/pricesmart-assets/landing-pages-images/membership-info.svg
gt-en-membership-info,gt-en-membership-info-why-do-i-have-to-be-a-member-to-shop-at-pricesmart,gt,en,en-gt,landing_page,Membership Information,membership-info,https://www.pricesmart.com/en-gt/membership/info,why do i have to be a member to shop at pricesmart,10,True,2026-05-07,2027-05-07,https://raw.githubusercontent.com/saicharan-gampa-devcoder/pricesmart-algolia-redirects-and-assets-for-pages/9cc0c3cb96d2b3fb96009b0a99f20ac7c90ca6d9/pricesmart-assets/landing-pages-images/membership-info.svg
gt-en-membership-info,gt-en-membership-info-what-are-the-benefits-of-being-a-pricesmart-member,gt,en,en-gt,landing_page,Membership Information,membership-info,https://www.pricesmart.com/en-gt/membership/info,what are the benefits of being a pricesmart member,10,True,2026-05-07,2027-05-07,https://raw.githubusercontent.com/saicharan-gampa-devcoder/pricesmart-algolia-redirects-and-assets-for-pages/9cc0c3cb96d2b3fb96009b0a99f20ac7c90ca6d9/pricesmart-assets/landing-pages-images/membership-info.svg
gt-en-membership-info,gt-en-membership-info-how-can-i-become-a-pricesmart-member,gt,en,en-gt,landing_page,Membership Information,membership-info,https://www.pricesmart.com/en-gt/membership/info,how can i become a pricesmart member,10,True,2026-05-07,2027-05-07,https://raw.githubusercontent.com/saicharan-gampa-devcoder/pricesmart-algolia-redirects-and-assets-for-pages/9cc0c3cb96d2b3fb96009b0a99f20ac7c90ca6d9/pricesmart-assets/landing-pages-images/membership-info.svg
gt-en-membership-info,gt-en-membership-info-what-types-of-memberships-are-available,gt,en,en-gt,landing_page,Membership Information,membership-info,https://www.pricesmart.com/en-gt/membership/info,what types of memberships are available,10,True,2026-05-07,2027-05-07,https://raw.githubusercontent.com/saicharan-gampa-devcoder/pricesmart-algolia-redirects-and-assets-for-pages/9cc0c3cb96d2b3fb96009b0a99f20ac7c90ca6d9/pricesmart-assets/landing-pages-images/membership-info.svg
gt-en-membership-info,gt-en-membership-info-how-much-does-a-membership-cost,gt,en,en-gt,landing_page,Membership Information,membership-info,https://www.pricesmart.com/en-gt/membership/info,how much does a membership cost,10,True,2026-05-07,2027-05-07,https://raw.githubusercontent.com/saicharan-gampa-devcoder/pricesmart-algolia-redirects-and-assets-for-pages/9cc0c3cb96d2b3fb96009b0a99f20ac7c90ca6d9/pricesmart-assets/landing-pages-images/membership-info.svg
gt-en-membership-info,gt-en-membership-info-can-i-shop-at-pricesmart-without-a-membership,gt,en,en-gt,landing_page,Membership Information,membership-info,https://www.pricesmart.com/en-gt/membership/info,can i shop at pricesmart without a membership,10,True,2026-05-07,2027-05-07,https://raw.githubusercontent.com/saicharan-gampa-devcoder/pricesmart-algolia-redirects-and-assets-for-pages/9cc0c3cb96d2b3fb96009b0a99f20ac7c90ca6d9/pricesmart-assets/landing-pages-images/membership-info.svg
gt-en-membership-info,gt-en-membership-info-can-i-use-my-membership-in-other-countries,gt,en,en-gt,landing_page,Membership Information,membership-info,https://www.pricesmart.com/en-gt/membership/info,can i use my membership in other countries,10,True,2026-05-07,2027-05-07,https://raw.githubusercontent.com/saicharan-gampa-devcoder/pricesmart-algolia-redirects-and-assets-for-pages/9cc0c3cb96d2b3fb96009b0a99f20ac7c90ca6d9/pricesmart-assets/landing-pages-images/membership-info.svg
gt-en-membership-info,gt-en-membership-info-how-do-i-renew-my-membership,gt,en,en-gt,landing_page,Membership Information,membership-info,https://www.pricesmart.com/en-gt/membership/info,how do i renew my membership,10,True,2026-05-07,2027-05-07,https://raw.githubusercontent.com/saicharan-gampa-devcoder/pricesmart-algolia-redirects-and-assets-for-pages/9cc0c3cb96d2b3fb96009b0a99f20ac7c90ca6d9/pricesmart-assets/landing-pages-images/membership-info.svg
gt-en-membership-info,gt-en-membership-info-can-i-renew-my-membership-online,gt,en,en-gt,landing_page,Membership Information,membership-info,https://www.pricesmart.com/en-gt/membership/info,can i renew my membership online,10,True,2026-05-07,2027-05-07,https://raw.githubusercontent.com/saicharan-gampa-devcoder/pricesmart-algolia-redirects-and-assets-for-pages/9cc0c3cb96d2b3fb96009b0a99f20ac7c90ca6d9/pricesmart-assets/landing-pages-images/membership-info.svg
gt-en-membership-info,gt-en-membership-info-if-i-renew-in-person-do-i-have-to-go-to-my-original-club,gt,en,en-gt,landing_page,Membership Information,membership-info,https://www.pricesmart.com/en-gt/membership/info,if i renew in person do i have to go to my original club,10,True,2026-05-07,2027-05-07,https://raw.githubusercontent.com/saicharan-gampa-devcoder/pricesmart-algolia-redirects-and-assets-for-pages/9cc0c3cb96d2b3fb96009b0a99f20ac7c90ca6d9/pricesmart-assets/landing-pages-images/membership-info.svg
gt-en-membership-info,gt-en-membership-info-can-i-change-my-additional-cardholders-every-year,gt,en,en-gt,landing_page,Membership Information,membership-info,https://www.pricesmart.com/en-gt/membership/info,can i change my additional cardholders every year,10,True,2026-05-07,2027-05-07,https://raw.githubusercontent.com/saicharan-gampa-devcoder/pricesmart-algolia-redirects-and-assets-for-pages/9cc0c3cb96d2b3fb96009b0a99f20ac7c90ca6d9/pricesmart-assets/landing-pages-images/membership-info.svg
gt-en-membership-info,gt-en-membership-info-how-many-additional-cardholders-can-i-have,gt,en,en-gt,landing_page,Membership Information,membership-info,https://www.pricesmart.com/en-gt/membership/info,how many additional cardholders can i have,10,True,2026-05-07,2027-05-07,https://raw.githubusercontent.com/saicharan-gampa-devcoder/pricesmart-algolia-redirects-and-assets-for-pages/9cc0c3cb96d2b3fb96009b0a99f20ac7c90ca6d9/pricesmart-assets/landing-pages-images/membership-info.svg
gt-en-membership-info,gt-en-membership-info-what-do-i-do-if-my-membership-card-is-lost-or-stolen,gt,en,en-gt,landing_page,Membership Information,membership-info,https://www.pricesmart.com/en-gt/membership/info,what do i do if my membership card is lost or stolen,10,True,2026-05-07,2027-05-07,https://raw.githubusercontent.com/saicharan-gampa-devcoder/pricesmart-algolia-redirects-and-assets-for-pages/9cc0c3cb96d2b3fb96009b0a99f20ac7c90ca6d9/pricesmart-assets/landing-pages-images/membership-info.svg
gt-en-membership-info,gt-en-membership-info-can-i-replace-my-membership-card,gt,en,en-gt,landing_page,Membership Information,membership-info,https://www.pricesmart.com/en-gt/membership/info,can i replace my membership card,10,True,2026-05-07,2027-05-07,https://raw.githubusercontent.com/saicharan-gampa-devcoder/pricesmart-algolia-redirects-and-assets-for-pages/9cc0c3cb96d2b3fb96009b0a99f20ac7c90ca6d9/pricesmart-assets/landing-pages-images/membership-info.svg
gt-es-membership-info,gt-es-membership-info-membresia,gt,es,es-gt,landing_page,Información de Membresía,membresia-info,https://www.pricesmart.com/es-gt/membrecia/info,membresia,10,True,2026-05-07,2027-05-07,https://raw.githubusercontent.com/saicharan-gampa-devcoder/pricesmart-algolia-redirects-and-assets-for-pages/9cc0c3cb96d2b3fb96009b0a99f20ac7c90ca6d9/pricesmart-assets/landing-pages-images/membership-info.svg
gt-es-membership-info,gt-es-membership-info-renovar-membresia,gt,es,es-gt,landing_page,Información de Membresía,membresia-info,https://www.pricesmart.com/es-gt/membrecia/info,renovar membresia,10,True,2026-05-07,2027-05-07,https://raw.githubusercontent.com/saicharan-gampa-devcoder/pricesmart-algolia-redirects-and-assets-for-pages/9cc0c3cb96d2b3fb96009b0a99f20ac7c90ca6d9/pricesmart-assets/landing-pages-images/membership-info.svg
gt-es-membership-info,gt-es-membership-info-costo-de-membresia,gt,es,es-gt,landing_page,Información de Membresía,membresia-info,https://www.pricesmart.com/es-gt/membrecia/info,costo de membresia,10,True,2026-05-07,2027-05-07,https://raw.githubusercontent.com/saicharan-gampa-devcoder/pricesmart-algolia-redirects-and-assets-for-pages/9cc0c3cb96d2b3fb96009b0a99f20ac7c90ca6d9/pricesmart-assets/landing-pages-images/membership-info.svg
gt-es-membership-info,gt-es-membership-info-beneficios-membresia,gt,es,es-gt,landing_page,Información de Membresía,membresia-info,https://www.pricesmart.com/es-gt/membrecia/info,beneficios membresia,10,True,2026-05-07,2027-05-07,https://raw.githubusercontent.com/saicharan-gampa-devcoder/pricesmart-algolia-redirects-and-assets-for-pages/9cc0c3cb96d2b3fb96009b0a99f20ac7c90ca6d9/pricesmart-assets/landing-pages-images/membership-info.svg
gt-es-membership-info,gt-es-membership-info-hacerse-socio,gt,es,es-gt,landing_page,Información de Membresía,membresia-info,https://www.pricesmart.com/es-gt/membrecia/info,hacerse socio,10,True,2026-05-07,2027-05-07,https://raw.githubusercontent.com/saicharan-gampa-devcoder/pricesmart-algolia-redirects-and-assets-for-pages/9cc0c3cb96d2b3fb96009b0a99f20ac7c90ca6d9/pricesmart-assets/landing-pages-images/membership-info.svg
gt-es-membership-info,gt-es-membership-info-por-que-tengo-que-ser-socio-para-comprar-en-pricesmart,gt,es,es-gt,landing_page,Información de Membresía,membresia-info,https://www.pricesmart.com/es-gt/membrecia/info,por que tengo que ser socio para comprar en pricesmart,10,True,2026-05-07,2027-05-07,https://raw.githubusercontent.com/saicharan-gampa-devcoder/pricesmart-algolia-redirects-and-assets-for-pages/9cc0c3cb96d2b3fb96009b0a99f20ac7c90ca6d9/pricesmart-assets/landing-pages-images/membership-info.svg
gt-es-membership-info,gt-es-membership-info-cuales-son-los-beneficios-de-ser-socio-de-pricesmart,gt,es,es-gt,landing_page,Información de Membresía,membresia-info,https://www.pricesmart.com/es-gt/membrecia/info,cuales son los beneficios de ser socio de pricesmart,10,True,2026-05-07,2027-05-07,https://raw.githubusercontent.com/saicharan-gampa-devcoder/pricesmart-algolia-redirects-and-assets-for-pages/9cc0c3cb96d2b3fb96009b0a99f20ac7c90ca6d9/pricesmart-assets/landing-pages-images/membership-info.svg
gt-es-membership-info,gt-es-membership-info-como-puedo-hacerme-socio-de-pricesmart,gt,es,es-gt,landing_page,Información de Membresía,membresia-info,https://www.pricesmart.com/es-gt/membrecia/info,como puedo hacerme socio de pricesmart,10,True,2026-05-07,2027-05-07,https://raw.githubusercontent.com/saicharan-gampa-devcoder/pricesmart-algolia-redirects-and-assets-for-pages/9cc0c3cb96d2b3fb96009b0a99f20ac7c90ca6d9/pricesmart-assets/landing-pages-images/membership-info.svg
gt-es-membership-info,gt-es-membership-info-que-tipos-de-membresias-estan-disponibles,gt,es,es-gt,landing_page,Información de Membresía,membresia-info,https://www.pricesmart.com/es-gt/membrecia/info,que tipos de membresias estan disponibles,10,True,2026-05-07,2027-05-07,https://raw.githubusercontent.com/saicharan-gampa-devcoder/pricesmart-algolia-redirects-and-assets-for-pages/9cc0c3cb96d2b3fb96009b0a99f20ac7c90ca6d9/pricesmart-assets/landing-pages-images/membership-info.svg
gt-es-membership-info,gt-es-membership-info-cuanto-cuesta-una-membresia,gt,es,es-gt,landing_page,Información de Membresía,membresia-info,https://www.pricesmart.com/es-gt/membrecia/info,cuanto cuesta una membresia,10,True,2026-05-07,2027-05-07,https://raw.githubusercontent.com/saicharan-gampa-devcoder/pricesmart-algolia-redirects-and-assets-for-pages/9cc0c3cb96d2b3fb96009b0a99f20ac7c90ca6d9/pricesmart-assets/landing-pages-images/membership-info.svg
gt-es-membership-info,gt-es-membership-info-puedo-comprar-sin-ser-socio,gt,es,es-gt,landing_page,Información de Membresía,membresia-info,https://www.pricesmart.com/es-gt/membrecia/info,puedo comprar sin ser socio,10,True,2026-05-07,2027-05-07,https://raw.githubusercontent.com/saicharan-gampa-devcoder/pricesmart-algolia-redirects-and-assets-for-pages/9cc0c3cb96d2b3fb96009b0a99f20ac7c90ca6d9/pricesmart-assets/landing-pages-images/membership-info.svg
gt-es-membership-info,gt-es-membership-info-puedo-usar-mi-membresia-en-otros-paises,gt,es,es-gt,landing_page,Información de Membresía,membresia-info,https://www.pricesmart.com/es-gt/membrecia/info,puedo usar mi membresia en otros paises,10,True,2026-05-07,2027-05-07,https://raw.githubusercontent.com/saicharan-gampa-devcoder/pricesmart-algolia-redirects-and-assets-for-pages/9cc0c3cb96d2b3fb96009b0a99f20ac7c90ca6d9/pricesmart-assets/landing-pages-images/membership-info.svg
gt-es-membership-info,gt-es-membership-info-como-puedo-renovar-mi-membresia,gt,es,es-gt,landing_page,Información de Membresía,membresia-info,https://www.pricesmart.com/es-gt/membrecia/info,como puedo renovar mi membresia,10,True,2026-05-07,2027-05-07,https://raw.githubusercontent.com/saicharan-gampa-devcoder/pricesmart-algolia-redirects-and-assets-for-pages/9cc0c3cb96d2b3fb96009b0a99f20ac7c90ca6d9/pricesmart-assets/landing-pages-images/membership-info.svg
gt-es-membership-info,gt-es-membership-info-puedo-renovar-en-linea,gt,es,es-gt,landing_page,Información de Membresía,membresia-info,https://www.pricesmart.com/es-gt/membrecia/info,puedo renovar en linea,10,True,2026-05-07,2027-05-07,https://raw.githubusercontent.com/saicharan-gampa-devcoder/pricesmart-algolia-redirects-and-assets-for-pages/9cc0c3cb96d2b3fb96009b0a99f20ac7c90ca6d9/pricesmart-assets/landing-pages-images/membership-info.svg
gt-es-membership-info,gt-es-membership-info-si-renuevo-en-persona-debo-ir-al-club-donde-me-inscribi,gt,es,es-gt,landing_page,Información de Membresía,membresia-info,https://www.pricesmart.com/es-gt/membrecia/info,si renuevo en persona debo ir al club donde me inscribi,10,True,2026-05-07,2027-05-07,https://raw.githubusercontent.com/saicharan-gampa-devcoder/pricesmart-algolia-redirects-and-assets-for-pages/9cc0c3cb96d2b3fb96009b0a99f20ac7c90ca6d9/pricesmart-assets/landing-pages-images/membership-info.svg
gt-es-membership-info,gt-es-membership-info-puedo-cambiar-tarjetahabientes-adicionales-cada-ano,gt,es,es-gt,landing_page,Información de Membresía,membresia-info,https://www.pricesmart.com/es-gt/membrecia/info,puedo cambiar tarjetahabientes adicionales cada ano,10,True,2026-05-07,2027-05-07,https://raw.githubusercontent.com/saicharan-gampa-devcoder/pricesmart-algolia-redirects-and-assets-for-pages/9cc0c3cb96d2b3fb96009b0a99f20ac7c90ca6d9/pricesmart-assets/landing-pages-images/membership-info.svg
gt-es-membership-info,gt-es-membership-info-cuantos-tarjetahabientes-adicionales-puedo-tener,gt,es,es-gt,landing_page,Información de Membresía,membresia-info,https://www.pricesmart.com/es-gt/membrecia/info,cuantos tarjetahabientes adicionales puedo tener,10,True,2026-05-07,2027-05-07,https://raw.githubusercontent.com/saicharan-gampa-devcoder/pricesmart-algolia-redirects-and-assets-for-pages/9cc0c3cb96d2b3fb96009b0a99f20ac7c90ca6d9/pricesmart-assets/landing-pages-images/membership-info.svg
gt-es-membership-info,gt-es-membership-info-que-hago-si-pierdo-mi-tarjeta-de-membresia,gt,es,es-gt,landing_page,Información de Membresía,membresia-info,https://www.pricesmart.com/es-gt/membrecia/info,que hago si pierdo mi tarjeta de membresia,10,True,2026-05-07,2027-05-07,https://raw.githubusercontent.com/saicharan-gampa-devcoder/pricesmart-algolia-redirects-and-assets-for-pages/9cc0c3cb96d2b3fb96009b0a99f20ac7c90ca6d9/pricesmart-assets/landing-pages-images/membership-info.svg
gt-es-membership-info,gt-es-membership-info-puedo-reemplazar-mi-tarjeta,gt,es,es-gt,landing_page,Información de Membresía,membresia-info,https://www.pricesmart.com/es-gt/membrecia/info,puedo reemplazar mi tarjeta,10,True,2026-05-07,2027-05-07,https://raw.githubusercontent.com/saicharan-gampa-devcoder/pricesmart-algolia-redirects-and-assets-for-pages/9cc0c3cb96d2b3fb96009b0a99f20ac7c90ca6d9/pricesmart-assets/landing-pages-images/membership-info.svg
gt-en-pharmacy,gt-en-pharmacy-pharmacy,gt,en,en-gt,landing_page,Pharmacy,pharmacy,https://farmacia.pricesmart.com/,pharmacy,8,True,2026-05-07,2027-05-07,https://raw.githubusercontent.com/saicharan-gampa-devcoder/pricesmart-algolia-redirects-and-assets-for-pages/9cc0c3cb96d2b3fb96009b0a99f20ac7c90ca6d9/pricesmart-assets/landing-pages-images/pharmacy.svg
gt-en-pharmacy,gt-en-pharmacy-prescription,gt,en,en-gt,landing_page,Pharmacy,pharmacy,https://farmacia.pricesmart.com/,prescription,8,True,2026-05-07,2027-05-07,https://raw.githubusercontent.com/saicharan-gampa-devcoder/pricesmart-algolia-redirects-and-assets-for-pages/9cc0c3cb96d2b3fb96009b0a99f20ac7c90ca6d9/pricesmart-assets/landing-pages-images/pharmacy.svg
gt-en-pharmacy,gt-en-pharmacy-drugstore,gt,en,en-gt,landing_page,Pharmacy,pharmacy,https://farmacia.pricesmart.com/,drugstore,8,True,2026-05-07,2027-05-07,https://raw.githubusercontent.com/saicharan-gampa-devcoder/pricesmart-algolia-redirects-and-assets-for-pages/9cc0c3cb96d2b3fb96009b0a99f20ac7c90ca6d9/pricesmart-assets/landing-pages-images/pharmacy.svg
gt-en-pharmacy,gt-en-pharmacy-medication,gt,en,en-gt,landing_page,Pharmacy,pharmacy,https://farmacia.pricesmart.com/,medication,8,True,2026-05-07,2027-05-07,https://raw.githubusercontent.com/saicharan-gampa-devcoder/pricesmart-algolia-redirects-and-assets-for-pages/9cc0c3cb96d2b3fb96009b0a99f20ac7c90ca6d9/pricesmart-assets/landing-pages-images/pharmacy.svg
gt-en-pharmacy,gt-en-pharmacy-pharmacist,gt,en,en-gt,landing_page,Pharmacy,pharmacy,https://farmacia.pricesmart.com/,pharmacist,8,True,2026-05-07,2027-05-07,https://raw.githubusercontent.com/saicharan-gampa-devcoder/pricesmart-algolia-redirects-and-assets-for-pages/9cc0c3cb96d2b3fb96009b0a99f20ac7c90ca6d9/pricesmart-assets/landing-pages-images/pharmacy.svg
gt-es-pharmacy,gt-es-pharmacy-farmacia,gt,es,es-gt,landing_page,Farmacia,farmacia,https://farmacia.pricesmart.com/,farmacia,8,True,2026-05-07,2027-05-07,https://raw.githubusercontent.com/saicharan-gampa-devcoder/pricesmart-algolia-redirects-and-assets-for-pages/9cc0c3cb96d2b3fb96009b0a99f20ac7c90ca6d9/pricesmart-assets/landing-pages-images/pharmacy.svg
gt-es-pharmacy,gt-es-pharmacy-receta,gt,es,es-gt,landing_page,Farmacia,farmacia,https://farmacia.pricesmart.com/,receta,8,True,2026-05-07,2027-05-07,https://raw.githubusercontent.com/saicharan-gampa-devcoder/pricesmart-algolia-redirects-and-assets-for-pages/9cc0c3cb96d2b3fb96009b0a99f20ac7c90ca6d9/pricesmart-assets/landing-pages-images/pharmacy.svg
gt-es-pharmacy,gt-es-pharmacy-drogueria,gt,es,es-gt,landing_page,Farmacia,farmacia,https://farmacia.pricesmart.com/,drogueria,8,True,2026-05-07,2027-05-07,https://raw.githubusercontent.com/saicharan-gampa-devcoder/pricesmart-algolia-redirects-and-assets-for-pages/9cc0c3cb96d2b3fb96009b0a99f20ac7c90ca6d9/pricesmart-assets/landing-pages-images/pharmacy.svg
gt-es-pharmacy,gt-es-pharmacy-medicina,gt,es,es-gt,landing_page,Farmacia,farmacia,https://farmacia.pricesmart.com/,medicina,8,True,2026-05-07,2027-05-07,https://raw.githubusercontent.com/saicharan-gampa-devcoder/pricesmart-algolia-redirects-and-assets-for-pages/9cc0c3cb96d2b3fb96009b0a99f20ac7c90ca6d9/pricesmart-assets/landing-pages-images/pharmacy.svg
gt-es-pharmacy,gt-es-pharmacy-farmaceutico,gt,es,es-gt,landing_page,Farmacia,farmacia,https://farmacia.pricesmart.com/,farmaceutico,8,True,2026-05-07,2027-05-07,https://raw.githubusercontent.com/saicharan-gampa-devcoder/pricesmart-algolia-redirects-and-assets-for-pages/9cc0c3cb96d2b3fb96009b0a99f20ac7c90ca6d9/pricesmart-assets/landing-pages-images/pharmacy.svg
gt-en-smart-week,gt-en-smart-week-black-friday,gt,en,en-gt,landing_page,Smart Week,smart-week,https://www.pricesmart.com/en-gt/smart-week,black friday,9,True,2026-11-23,2026-11-30,https://raw.githubusercontent.com/saicharan-gampa-devcoder/pricesmart-algolia-redirects-and-assets-for-pages/9cc0c3cb96d2b3fb96009b0a99f20ac7c90ca6d9/pricesmart-assets/landing-pages-images/smart-week.svg
gt-en-smart-week,gt-en-smart-week-black-week,gt,en,en-gt,landing_page,Smart Week,smart-week,https://www.pricesmart.com/en-gt/smart-week,black week,9,True,2026-11-23,2026-11-30,https://raw.githubusercontent.com/saicharan-gampa-devcoder/pricesmart-algolia-redirects-and-assets-for-pages/9cc0c3cb96d2b3fb96009b0a99f20ac7c90ca6d9/pricesmart-assets/landing-pages-images/smart-week.svg
gt-en-smart-week,gt-en-smart-week-black-november,gt,en,en-gt,landing_page,Smart Week,smart-week,https://www.pricesmart.com/en-gt/smart-week,black november,9,True,2026-11-23,2026-11-30,https://raw.githubusercontent.com/saicharan-gampa-devcoder/pricesmart-algolia-redirects-and-assets-for-pages/9cc0c3cb96d2b3fb96009b0a99f20ac7c90ca6d9/pricesmart-assets/landing-pages-images/smart-week.svg
gt-en-smart-week,gt-en-smart-week-smart-week,gt,en,en-gt,landing_page,Smart Week,smart-week,https://www.pricesmart.com/en-gt/smart-week,smart week,9,True,2026-11-23,2026-11-30,https://raw.githubusercontent.com/saicharan-gampa-devcoder/pricesmart-algolia-redirects-and-assets-for-pages/9cc0c3cb96d2b3fb96009b0a99f20ac7c90ca6d9/pricesmart-assets/landing-pages-images/smart-week.svg
gt-en-smart-week,gt-en-smart-week-deals-week,gt,en,en-gt,landing_page,Smart Week,smart-week,https://www.pricesmart.com/en-gt/smart-week,deals week,9,True,2026-11-23,2026-11-30,https://raw.githubusercontent.com/saicharan-gampa-devcoder/pricesmart-algolia-redirects-and-assets-for-pages/9cc0c3cb96d2b3fb96009b0a99f20ac7c90ca6d9/pricesmart-assets/landing-pages-images/smart-week.svg
gt-es-smart-week,gt-es-smart-week-viernes-negro,gt,es,es-gt,landing_page,Smart Week,smart-week,https://www.pricesmart.com/es-gt/smart-week,viernes negro,9,True,2026-11-23,2026-11-30,https://raw.githubusercontent.com/saicharan-gampa-devcoder/pricesmart-algolia-redirects-and-assets-for-pages/9cc0c3cb96d2b3fb96009b0a99f20ac7c90ca6d9/pricesmart-assets/landing-pages-images/smart-week.svg
gt-es-smart-week,gt-es-smart-week-semana-negra,gt,es,es-gt,landing_page,Smart Week,smart-week,https://www.pricesmart.com/es-gt/smart-week,semana negra,9,True,2026-11-23,2026-11-30,https://raw.githubusercontent.com/saicharan-gampa-devcoder/pricesmart-algolia-redirects-and-assets-for-pages/9cc0c3cb96d2b3fb96009b0a99f20ac7c90ca6d9/pricesmart-assets/landing-pages-images/smart-week.svg
gt-es-smart-week,gt-es-smart-week-black-friday,gt,es,es-gt,landing_page,Smart Week,smart-week,https://www.pricesmart.com/es-gt/smart-week,black friday,9,True,2026-11-23,2026-11-30,https://raw.githubusercontent.com/saicharan-gampa-devcoder/pricesmart-algolia-redirects-and-assets-for-pages/9cc0c3cb96d2b3fb96009b0a99f20ac7c90ca6d9/pricesmart-assets/landing-pages-images/smart-week.svg
gt-es-smart-week,gt-es-smart-week-smart-week,gt,es,es-gt,landing_page,Smart Week,smart-week,https://www.pricesmart.com/es-gt/smart-week,smart week,9,True,2026-11-23,2026-11-30,https://raw.githubusercontent.com/saicharan-gampa-devcoder/pricesmart-algolia-redirects-and-assets-for-pages/9cc0c3cb96d2b3fb96009b0a99f20ac7c90ca6d9/pricesmart-assets/landing-pages-images/smart-week.svg
gt-en-cyber-days,gt-en-cyber-days-cyber-monday,gt,en,en-gt,landing_page,Cyber Days,cyber-days,https://www.pricesmart.com/en-gt/cyber-days,cyber monday,9,True,2026-11-30,2026-12-07,https://raw.githubusercontent.com/saicharan-gampa-devcoder/pricesmart-algolia-redirects-and-assets-for-pages/9cc0c3cb96d2b3fb96009b0a99f20ac7c90ca6d9/pricesmart-assets/landing-pages-images/cyber-days.svg
gt-en-cyber-days,gt-en-cyber-days-cyber-week,gt,en,en-gt,landing_page,Cyber Days,cyber-days,https://www.pricesmart.com/en-gt/cyber-days,cyber week,9,True,2026-11-30,2026-12-07,https://raw.githubusercontent.com/saicharan-gampa-devcoder/pricesmart-algolia-redirects-and-assets-for-pages/9cc0c3cb96d2b3fb96009b0a99f20ac7c90ca6d9/pricesmart-assets/landing-pages-images/cyber-days.svg
gt-en-cyber-days,gt-en-cyber-days-cyber-sale,gt,en,en-gt,landing_page,Cyber Days,cyber-days,https://www.pricesmart.com/en-gt/cyber-days,cyber sale,9,True,2026-11-30,2026-12-07,https://raw.githubusercontent.com/saicharan-gampa-devcoder/pricesmart-algolia-redirects-and-assets-for-pages/9cc0c3cb96d2b3fb96009b0a99f20ac7c90ca6d9/pricesmart-assets/landing-pages-images/cyber-days.svg
gt-en-cyber-days,gt-en-cyber-days-online-deals,gt,en,en-gt,landing_page,Cyber Days,cyber-days,https://www.pricesmart.com/en-gt/cyber-days,online deals,9,True,2026-11-30,2026-12-07,https://raw.githubusercontent.com/saicharan-gampa-devcoder/pricesmart-algolia-redirects-and-assets-for-pages/9cc0c3cb96d2b3fb96009b0a99f20ac7c90ca6d9/pricesmart-assets/landing-pages-images/cyber-days.svg
gt-es-cyber-days,gt-es-cyber-days-ciber-lunes,gt,es,es-gt,landing_page,Cyber Days,cyber-days,https://www.pricesmart.com/es-gt/cyber-days,ciber lunes,9,True,2026-11-30,2026-12-07,https://raw.githubusercontent.com/saicharan-gampa-devcoder/pricesmart-algolia-redirects-and-assets-for-pages/9cc0c3cb96d2b3fb96009b0a99f20ac7c90ca6d9/pricesmart-assets/landing-pages-images/cyber-days.svg
gt-es-cyber-days,gt-es-cyber-days-ciber-semana,gt,es,es-gt,landing_page,Cyber Days,cyber-days,https://www.pricesmart.com/es-gt/cyber-days,ciber semana,9,True,2026-11-30,2026-12-07,https://raw.githubusercontent.com/saicharan-gampa-devcoder/pricesmart-algolia-redirects-and-assets-for-pages/9cc0c3cb96d2b3fb96009b0a99f20ac7c90ca6d9/pricesmart-assets/landing-pages-images/cyber-days.svg
gt-es-cyber-days,gt-es-cyber-days-ciber-rebajas,gt,es,es-gt,landing_page,Cyber Days,cyber-days,https://www.pricesmart.com/es-gt/cyber-days,ciber rebajas,9,True,2026-11-30,2026-12-07,https://raw.githubusercontent.com/saicharan-gampa-devcoder/pricesmart-algolia-redirects-and-assets-for-pages/9cc0c3cb96d2b3fb96009b0a99f20ac7c90ca6d9/pricesmart-assets/landing-pages-images/cyber-days.svg
gt-es-cyber-days,gt-es-cyber-days-cyber-monday,gt,es,es-gt,landing_page,Cyber Days,cyber-days,https://www.pricesmart.com/es-gt/cyber-days,cyber monday,9,True,2026-11-30,2026-12-07,https://raw.githubusercontent.com/saicharan-gampa-devcoder/pricesmart-algolia-redirects-and-assets-for-pages/9cc0c3cb96d2b3fb96009b0a99f20ac7c90ca6d9/pricesmart-assets/landing-pages-images/cyber-days.svg
gt-en-savings,gt-en-savings-deals,gt,en,en-gt,landing_page,Manufacturer Savings,manufacturer-savings,https://www.pricesmart.com/en-gt/manufacturer-savings,deals,8,True,2026-05-07,2026-12-31,https://raw.githubusercontent.com/saicharan-gampa-devcoder/pricesmart-algolia-redirects-and-assets-for-pages/9cc0c3cb96d2b3fb96009b0a99f20ac7c90ca6d9/pricesmart-assets/landing-pages-images/manufacturer-savings.svg
gt-en-savings,gt-en-savings-savings,gt,en,en-gt,landing_page,Manufacturer Savings,manufacturer-savings,https://www.pricesmart.com/en-gt/manufacturer-savings,savings,8,True,2026-05-07,2026-12-31,https://raw.githubusercontent.com/saicharan-gampa-devcoder/pricesmart-algolia-redirects-and-assets-for-pages/9cc0c3cb96d2b3fb96009b0a99f20ac7c90ca6d9/pricesmart-assets/landing-pages-images/manufacturer-savings.svg
gt-en-savings,gt-en-savings-sale,gt,en,en-gt,landing_page,Manufacturer Savings,manufacturer-savings,https://www.pricesmart.com/en-gt/manufacturer-savings,sale,8,True,2026-05-07,2026-12-31,https://raw.githubusercontent.com/saicharan-gampa-devcoder/pricesmart-algolia-redirects-and-assets-for-pages/9cc0c3cb96d2b3fb96009b0a99f20ac7c90ca6d9/pricesmart-assets/landing-pages-images/manufacturer-savings.svg
gt-en-savings,gt-en-savings-discounts,gt,en,en-gt,landing_page,Manufacturer Savings,manufacturer-savings,https://www.pricesmart.com/en-gt/manufacturer-savings,discounts,8,True,2026-05-07,2026-12-31,https://raw.githubusercontent.com/saicharan-gampa-devcoder/pricesmart-algolia-redirects-and-assets-for-pages/9cc0c3cb96d2b3fb96009b0a99f20ac7c90ca6d9/pricesmart-assets/landing-pages-images/manufacturer-savings.svg
gt-en-savings,gt-en-savings-clearance,gt,en,en-gt,landing_page,Manufacturer Savings,manufacturer-savings,https://www.pricesmart.com/en-gt/manufacturer-savings,clearance,8,True,2026-05-07,2026-12-31,https://raw.githubusercontent.com/saicharan-gampa-devcoder/pricesmart-algolia-redirects-and-assets-for-pages/9cc0c3cb96d2b3fb96009b0a99f20ac7c90ca6d9/pricesmart-assets/landing-pages-images/manufacturer-savings.svg
gt-en-savings,gt-en-savings-low-prices,gt,en,en-gt,landing_page,Manufacturer Savings,manufacturer-savings,https://www.pricesmart.com/en-gt/manufacturer-savings,low prices,8,True,2026-05-07,2026-12-31,https://raw.githubusercontent.com/saicharan-gampa-devcoder/pricesmart-algolia-redirects-and-assets-for-pages/9cc0c3cb96d2b3fb96009b0a99f20ac7c90ca6d9/pricesmart-assets/landing-pages-images/manufacturer-savings.svg
gt-es-savings,gt-es-savings-ofertas,gt,es,es-gt,landing_page,Ahorros del Fabricante,ahorros-del-fabricante,https://www.pricesmart.com/es-gt/ahorros-del-fabricante,ofertas,8,True,2026-05-07,2026-12-31,https://raw.githubusercontent.com/saicharan-gampa-devcoder/pricesmart-algolia-redirects-and-assets-for-pages/9cc0c3cb96d2b3fb96009b0a99f20ac7c90ca6d9/pricesmart-assets/landing-pages-images/manufacturer-savings.svg
gt-es-savings,gt-es-savings-ahorros,gt,es,es-gt,landing_page,Ahorros del Fabricante,ahorros-del-fabricante,https://www.pricesmart.com/es-gt/ahorros-del-fabricante,ahorros,8,True,2026-05-07,2026-12-31,https://raw.githubusercontent.com/saicharan-gampa-devcoder/pricesmart-algolia-redirects-and-assets-for-pages/9cc0c3cb96d2b3fb96009b0a99f20ac7c90ca6d9/pricesmart-assets/landing-pages-images/manufacturer-savings.svg
gt-es-savings,gt-es-savings-rebajas,gt,es,es-gt,landing_page,Ahorros del Fabricante,ahorros-del-fabricante,https://www.pricesmart.com/es-gt/ahorros-del-fabricante,rebajas,8,True,2026-05-07,2026-12-31,https://raw.githubusercontent.com/saicharan-gampa-devcoder/pricesmart-algolia-redirects-and-assets-for-pages/9cc0c3cb96d2b3fb96009b0a99f20ac7c90ca6d9/pricesmart-assets/landing-pages-images/manufacturer-savings.svg
gt-es-savings,gt-es-savings-descuentos,gt,es,es-gt,landing_page,Ahorros del Fabricante,ahorros-del-fabricante,https://www.pricesmart.com/es-gt/ahorros-del-fabricante,descuentos,8,True,2026-05-07,2026-12-31,https://raw.githubusercontent.com/saicharan-gampa-devcoder/pricesmart-algolia-redirects-and-assets-for-pages/9cc0c3cb96d2b3fb96009b0a99f20ac7c90ca6d9/pricesmart-assets/landing-pages-images/manufacturer-savings.svg
gt-es-savings,gt-es-savings-liquidacion,gt,es,es-gt,landing_page,Ahorros del Fabricante,ahorros-del-fabricante,https://www.pricesmart.com/es-gt/ahorros-del-fabricante,liquidacion,8,True,2026-05-07,2026-12-31,https://raw.githubusercontent.com/saicharan-gampa-devcoder/pricesmart-algolia-redirects-and-assets-for-pages/9cc0c3cb96d2b3fb96009b0a99f20ac7c90ca6d9/pricesmart-assets/landing-pages-images/manufacturer-savings.svg
gt-en-locations,gt-en-locations-locations,gt,en,en-gt,landing_page,Clubs and Locations,clubs-and-locations,https://www.pricesmart.com/en-gt/clubs-and-locations,locations,7,True,2026-05-07,2027-05-07,https://raw.githubusercontent.com/saicharan-gampa-devcoder/pricesmart-algolia-redirects-and-assets-for-pages/9cc0c3cb96d2b3fb96009b0a99f20ac7c90ca6d9/pricesmart-assets/landing-pages-images/clubs-and-locations.svg
gt-en-locations,gt-en-locations-stores,gt,en,en-gt,landing_page,Clubs and Locations,clubs-and-locations,https://www.pricesmart.com/en-gt/clubs-and-locations,stores,7,True,2026-05-07,2027-05-07,https://raw.githubusercontent.com/saicharan-gampa-devcoder/pricesmart-algolia-redirects-and-assets-for-pages/9cc0c3cb96d2b3fb96009b0a99f20ac7c90ca6d9/pricesmart-assets/landing-pages-images/clubs-and-locations.svg
gt-en-locations,gt-en-locations-clubs,gt,en,en-gt,landing_page,Clubs and Locations,clubs-and-locations,https://www.pricesmart.com/en-gt/clubs-and-locations,clubs,7,True,2026-05-07,2027-05-07,https://raw.githubusercontent.com/saicharan-gampa-devcoder/pricesmart-algolia-redirects-and-assets-for-pages/9cc0c3cb96d2b3fb96009b0a99f20ac7c90ca6d9/pricesmart-assets/landing-pages-images/clubs-and-locations.svg
gt-en-locations,gt-en-locations-directions,gt,en,en-gt,landing_page,Clubs and Locations,clubs-and-locations,https://www.pricesmart.com/en-gt/clubs-and-locations,directions,7,True,2026-05-07,2027-05-07,https://raw.githubusercontent.com/saicharan-gampa-devcoder/pricesmart-algolia-redirects-and-assets-for-pages/9cc0c3cb96d2b3fb96009b0a99f20ac7c90ca6d9/pricesmart-assets/landing-pages-images/clubs-and-locations.svg
gt-en-locations,gt-en-locations-opening-hours,gt,en,en-gt,landing_page,Clubs and Locations,clubs-and-locations,https://www.pricesmart.com/en-gt/clubs-and-locations,opening hours,7,True,2026-05-07,2027-05-07,https://raw.githubusercontent.com/saicharan-gampa-devcoder/pricesmart-algolia-redirects-and-assets-for-pages/9cc0c3cb96d2b3fb96009b0a99f20ac7c90ca6d9/pricesmart-assets/landing-pages-images/clubs-and-locations.svg
gt-en-locations,gt-en-locations-nearby-store,gt,en,en-gt,landing_page,Clubs and Locations,clubs-and-locations,https://www.pricesmart.com/en-gt/clubs-and-locations,nearby store,7,True,2026-05-07,2027-05-07,https://raw.githubusercontent.com/saicharan-gampa-devcoder/pricesmart-algolia-redirects-and-assets-for-pages/9cc0c3cb96d2b3fb96009b0a99f20ac7c90ca6d9/pricesmart-assets/landing-pages-images/clubs-and-locations.svg
gt-es-locations,gt-es-locations-sucursales,gt,es,es-gt,landing_page,Clubes y Ubicaciones,clubes-locaciones,https://www.pricesmart.com/es-gt/clubes-locaciones,sucursales,7,True,2026-05-07,2027-05-07,https://raw.githubusercontent.com/saicharan-gampa-devcoder/pricesmart-algolia-redirects-and-assets-for-pages/9cc0c3cb96d2b3fb96009b0a99f20ac7c90ca6d9/pricesmart-assets/landing-pages-images/clubs-and-locations.svg
gt-es-locations,gt-es-locations-ubicaciones,gt,es,es-gt,landing_page,Clubes y Ubicaciones,clubes-locaciones,https://www.pricesmart.com/es-gt/clubes-locaciones,ubicaciones,7,True,2026-05-07,2027-05-07,https://raw.githubusercontent.com/saicharan-gampa-devcoder/pricesmart-algolia-redirects-and-assets-for-pages/9cc0c3cb96d2b3fb96009b0a99f20ac7c90ca6d9/pricesmart-assets/landing-pages-images/clubs-and-locations.svg
gt-es-locations,gt-es-locations-tiendas,gt,es,es-gt,landing_page,Clubes y Ubicaciones,clubes-locaciones,https://www.pricesmart.com/es-gt/clubes-locaciones,tiendas,7,True,2026-05-07,2027-05-07,https://raw.githubusercontent.com/saicharan-gampa-devcoder/pricesmart-algolia-redirects-and-assets-for-pages/9cc0c3cb96d2b3fb96009b0a99f20ac7c90ca6d9/pricesmart-assets/landing-pages-images/clubs-and-locations.svg
gt-es-locations,gt-es-locations-clubes,gt,es,es-gt,landing_page,Clubes y Ubicaciones,clubes-locaciones,https://www.pricesmart.com/es-gt/clubes-locaciones,clubes,7,True,2026-05-07,2027-05-07,https://raw.githubusercontent.com/saicharan-gampa-devcoder/pricesmart-algolia-redirects-and-assets-for-pages/9cc0c3cb96d2b3fb96009b0a99f20ac7c90ca6d9/pricesmart-assets/landing-pages-images/clubs-and-locations.svg
gt-es-locations,gt-es-locations-direccion,gt,es,es-gt,landing_page,Clubes y Ubicaciones,clubes-locaciones,https://www.pricesmart.com/es-gt/clubes-locaciones,direccion,7,True,2026-05-07,2027-05-07,https://raw.githubusercontent.com/saicharan-gampa-devcoder/pricesmart-algolia-redirects-and-assets-for-pages/9cc0c3cb96d2b3fb96009b0a99f20ac7c90ca6d9/pricesmart-assets/landing-pages-images/clubs-and-locations.svg
gt-es-locations,gt-es-locations-horarios,gt,es,es-gt,landing_page,Clubes y Ubicaciones,clubes-locaciones,https://www.pricesmart.com/es-gt/clubes-locaciones,horarios,7,True,2026-05-07,2027-05-07,https://raw.githubusercontent.com/saicharan-gampa-devcoder/pricesmart-algolia-redirects-and-assets-for-pages/9cc0c3cb96d2b3fb96009b0a99f20ac7c90ca6d9/pricesmart-assets/landing-pages-images/clubs-and-locations.svg
gt-en-recent-purchases,gt-en-recent-purchases-recent-purchases,gt,en,en-gt,landing_page,Recent Purchases,recent-purchases,https://www.pricesmart.com/en-gt/recent-purchases,recent purchases,7,True,2026-05-07,2027-05-07,https://raw.githubusercontent.com/saicharan-gampa-devcoder/pricesmart-algolia-redirects-and-assets-for-pages/9cc0c3cb96d2b3fb96009b0a99f20ac7c90ca6d9/pricesmart-assets/landing-pages-images/recent-purchases.svg
gt-en-recent-purchases,gt-en-recent-purchases-past-purchases,gt,en,en-gt,landing_page,Recent Purchases,recent-purchases,https://www.pricesmart.com/en-gt/recent-purchases,past purchases,7,True,2026-05-07,2027-05-07,https://raw.githubusercontent.com/saicharan-gampa-devcoder/pricesmart-algolia-redirects-and-assets-for-pages/9cc0c3cb96d2b3fb96009b0a99f20ac7c90ca6d9/pricesmart-assets/landing-pages-images/recent-purchases.svg
gt-en-recent-purchases,gt-en-recent-purchases-order-history,gt,en,en-gt,landing_page,Recent Purchases,recent-purchases,https://www.pricesmart.com/en-gt/recent-purchases,order history,7,True,2026-05-07,2027-05-07,https://raw.githubusercontent.com/saicharan-gampa-devcoder/pricesmart-algolia-redirects-and-assets-for-pages/9cc0c3cb96d2b3fb96009b0a99f20ac7c90ca6d9/pricesmart-assets/landing-pages-images/recent-purchases.svg
gt-en-recent-purchases,gt-en-recent-purchases-track-purchases,gt,en,en-gt,landing_page,Recent Purchases,recent-purchases,https://www.pricesmart.com/en-gt/recent-purchases,track purchases,7,True,2026-05-07,2027-05-07,https://raw.githubusercontent.com/saicharan-gampa-devcoder/pricesmart-algolia-redirects-and-assets-for-pages/9cc0c3cb96d2b3fb96009b0a99f20ac7c90ca6d9/pricesmart-assets/landing-pages-images/recent-purchases.svg
gt-es-recent-purchases,gt-es-recent-purchases-compras-recientes,gt,es,es-gt,landing_page,Compras Recientes,compras-recientes,https://www.pricesmart.com/es-gt/compras-recientes,compras recientes,7,True,2026-05-07,2027-05-07,https://raw.githubusercontent.com/saicharan-gampa-devcoder/pricesmart-algolia-redirects-and-assets-for-pages/9cc0c3cb96d2b3fb96009b0a99f20ac7c90ca6d9/pricesmart-assets/landing-pages-images/recent-purchases.svg
gt-es-recent-purchases,gt-es-recent-purchases-compras-pasadas,gt,es,es-gt,landing_page,Compras Recientes,compras-recientes,https://www.pricesmart.com/es-gt/compras-recientes,compras pasadas,7,True,2026-05-07,2027-05-07,https://raw.githubusercontent.com/saicharan-gampa-devcoder/pricesmart-algolia-redirects-and-assets-for-pages/9cc0c3cb96d2b3fb96009b0a99f20ac7c90ca6d9/pricesmart-assets/landing-pages-images/recent-purchases.svg
gt-es-recent-purchases,gt-es-recent-purchases-historial-pedidos,gt,es,es-gt,landing_page,Compras Recientes,compras-recientes,https://www.pricesmart.com/es-gt/compras-recientes,historial pedidos,7,True,2026-05-07,2027-05-07,https://raw.githubusercontent.com/saicharan-gampa-devcoder/pricesmart-algolia-redirects-and-assets-for-pages/9cc0c3cb96d2b3fb96009b0a99f20ac7c90ca6d9/pricesmart-assets/landing-pages-images/recent-purchases.svg
gt-en-terms,gt-en-terms-return-policy,gt,en,en-gt,landing_page,Terms and Conditions,terms-and-conditions,https://www.pricesmart.com/en-gt/terms-and-conditions,return policy,10,True,2026-05-07,2027-05-07,https://raw.githubusercontent.com/saicharan-gampa-devcoder/pricesmart-algolia-redirects-and-assets-for-pages/refs/heads/main/pricesmart-assets/landing-pages-images/terms_conditions_banner_v2.svg
gt-en-terms,gt-en-terms-refund,gt,en,en-gt,landing_page,Terms and Conditions,terms-and-conditions,https://www.pricesmart.com/en-gt/terms-and-conditions,refund,10,True,2026-05-07,2027-05-07,https://raw.githubusercontent.com/saicharan-gampa-devcoder/pricesmart-algolia-redirects-and-assets-for-pages/refs/heads/main/pricesmart-assets/landing-pages-images/terms_conditions_banner_v2.svg
gt-en-terms,gt-en-terms-warranty,gt,en,en-gt,landing_page,Terms and Conditions,terms-and-conditions,https://www.pricesmart.com/en-gt/terms-and-conditions,warranty,10,True,2026-05-07,2027-05-07,https://raw.githubusercontent.com/saicharan-gampa-devcoder/pricesmart-algolia-redirects-and-assets-for-pages/refs/heads/main/pricesmart-assets/landing-pages-images/terms_conditions_banner_v2.svg
gt-en-terms,gt-en-terms-privacy-policy,gt,en,en-gt,landing_page,Terms and Conditions,terms-and-conditions,https://www.pricesmart.com/en-gt/terms-and-conditions,privacy policy,10,True,2026-05-07,2027-05-07,https://raw.githubusercontent.com/saicharan-gampa-devcoder/pricesmart-algolia-redirects-and-assets-for-pages/refs/heads/main/pricesmart-assets/landing-pages-images/terms_conditions_banner_v2.svg
gt-en-terms,gt-en-terms-terms-of-use,gt,en,en-gt,landing_page,Terms and Conditions,terms-and-conditions,https://www.pricesmart.com/en-gt/terms-and-conditions,terms of use,10,True,2026-05-07,2027-05-07,https://raw.githubusercontent.com/saicharan-gampa-devcoder/pricesmart-algolia-redirects-and-assets-for-pages/refs/heads/main/pricesmart-assets/landing-pages-images/terms_conditions_banner_v2.svg
gt-en-terms,gt-en-terms-what-is-the-return-policy,gt,en,en-gt,landing_page,Terms and Conditions,terms-and-conditions,https://www.pricesmart.com/en-gt/terms-and-conditions,what is the return policy,10,True,2026-05-07,2027-05-07,https://raw.githubusercontent.com/saicharan-gampa-devcoder/pricesmart-algolia-redirects-and-assets-for-pages/refs/heads/main/pricesmart-assets/landing-pages-images/terms_conditions_banner_v2.svg
gt-en-terms,gt-en-terms-can-i-return-an-item-to-any-pricesmart-location,gt,en,en-gt,landing_page,Terms and Conditions,terms-and-conditions,https://www.pricesmart.com/en-gt/terms-and-conditions,can i return an item to any pricesmart location,10,True,2026-05-07,2027-05-07,https://raw.githubusercontent.com/saicharan-gampa-devcoder/pricesmart-algolia-redirects-and-assets-for-pages/refs/heads/main/pricesmart-assets/landing-pages-images/terms_conditions_banner_v2.svg
gt-en-terms,gt-en-terms-how-do-i-return-an-online-purchase,gt,en,en-gt,landing_page,Terms and Conditions,terms-and-conditions,https://www.pricesmart.com/en-gt/terms-and-conditions,how do i return an online purchase,10,True,2026-05-07,2027-05-07,https://raw.githubusercontent.com/saicharan-gampa-devcoder/pricesmart-algolia-redirects-and-assets-for-pages/refs/heads/main/pricesmart-assets/landing-pages-images/terms_conditions_banner_v2.svg
gt-en-terms,gt-en-terms-how-long-do-i-have-to-return-an-item,gt,en,en-gt,landing_page,Terms and Conditions,terms-and-conditions,https://www.pricesmart.com/en-gt/terms-and-conditions,how long do i have to return an item,10,True,2026-05-07,2027-05-07,https://raw.githubusercontent.com/saicharan-gampa-devcoder/pricesmart-algolia-redirects-and-assets-for-pages/refs/heads/main/pricesmart-assets/landing-pages-images/terms_conditions_banner_v2.svg
gt-en-terms,gt-en-terms-are-there-items-that-cannot-be-returned,gt,en,en-gt,landing_page,Terms and Conditions,terms-and-conditions,https://www.pricesmart.com/en-gt/terms-and-conditions,are there items that cannot be returned,10,True,2026-05-07,2027-05-07,https://raw.githubusercontent.com/saicharan-gampa-devcoder/pricesmart-algolia-redirects-and-assets-for-pages/refs/heads/main/pricesmart-assets/landing-pages-images/terms_conditions_banner_v2.svg
gt-en-terms,gt-en-terms-what-should-i-do-if-i-receive-a-defective-item,gt,en,en-gt,landing_page,Terms and Conditions,terms-and-conditions,https://www.pricesmart.com/en-gt/terms-and-conditions,what should i do if i receive a defective item,10,True,2026-05-07,2027-05-07,https://raw.githubusercontent.com/saicharan-gampa-devcoder/pricesmart-algolia-redirects-and-assets-for-pages/refs/heads/main/pricesmart-assets/landing-pages-images/terms_conditions_banner_v2.svg
gt-en-terms,gt-en-terms-can-i-exchange-a-product,gt,en,en-gt,landing_page,Terms and Conditions,terms-and-conditions,https://www.pricesmart.com/en-gt/terms-and-conditions,can i exchange a product,10,True,2026-05-07,2027-05-07,https://raw.githubusercontent.com/saicharan-gampa-devcoder/pricesmart-algolia-redirects-and-assets-for-pages/refs/heads/main/pricesmart-assets/landing-pages-images/terms_conditions_banner_v2.svg
gt-es-terms,gt-es-terms-politica-devoluciones,gt,es,es-gt,landing_page,Términos y Condiciones,terminos-y-condiciones,https://www.pricesmart.com/es-gt/terminos-y-condiciones,politica devoluciones,10,True,2026-05-07,2027-05-07,https://raw.githubusercontent.com/saicharan-gampa-devcoder/pricesmart-algolia-redirects-and-assets-for-pages/refs/heads/main/pricesmart-assets/landing-pages-images/terms_conditions_banner_v2.svg
gt-es-terms,gt-es-terms-reembolso,gt,es,es-gt,landing_page,Términos y Condiciones,terminos-y-condiciones,https://www.pricesmart.com/es-gt/terminos-y-condiciones,reembolso,10,True,2026-05-07,2027-05-07,https://raw.githubusercontent.com/saicharan-gampa-devcoder/pricesmart-algolia-redirects-and-assets-for-pages/refs/heads/main/pricesmart-assets/landing-pages-images/terms_conditions_banner_v2.svg
gt-es-terms,gt-es-terms-garantia,gt,es,es-gt,landing_page,Términos y Condiciones,terminos-y-condiciones,https://www.pricesmart.com/es-gt/terminos-y-condiciones,garantia,10,True,2026-05-07,2027-05-07,https://raw.githubusercontent.com/saicharan-gampa-devcoder/pricesmart-algolia-redirects-and-assets-for-pages/refs/heads/main/pricesmart-assets/landing-pages-images/terms_conditions_banner_v2.svg
gt-es-terms,gt-es-terms-politica-privacidad,gt,es,es-gt,landing_page,Términos y Condiciones,terminos-y-condiciones,https://www.pricesmart.com/es-gt/terminos-y-condiciones,politica privacidad,10,True,2026-05-07,2027-05-07,https://raw.githubusercontent.com/saicharan-gampa-devcoder/pricesmart-algolia-redirects-and-assets-for-pages/refs/heads/main/pricesmart-assets/landing-pages-images/terms_conditions_banner_v2.svg
gt-es-terms,gt-es-terms-terminos-uso,gt,es,es-gt,landing_page,Términos y Condiciones,terminos-y-condiciones,https://www.pricesmart.com/es-gt/terminos-y-condiciones,terminos uso,10,True,2026-05-07,2027-05-07,https://raw.githubusercontent.com/saicharan-gampa-devcoder/pricesmart-algolia-redirects-and-assets-for-pages/refs/heads/main/pricesmart-assets/landing-pages-images/terms_conditions_banner_v2.svg
gt-es-terms,gt-es-terms-cual-es-la-politica-de-devoluciones,gt,es,es-gt,landing_page,Términos y Condiciones,terminos-y-condiciones,https://www.pricesmart.com/es-gt/terminos-y-condiciones,cual es la politica de devoluciones,10,True,2026-05-07,2027-05-07,https://raw.githubusercontent.com/saicharan-gampa-devcoder/pricesmart-algolia-redirects-and-assets-for-pages/refs/heads/main/pricesmart-assets/landing-pages-images/terms_conditions_banner_v2.svg
gt-es-terms,gt-es-terms-puedo-devolver-un-articulo-en-cualquier-club,gt,es,es-gt,landing_page,Términos y Condiciones,terminos-y-condiciones,https://www.pricesmart.com/es-gt/terminos-y-condiciones,puedo devolver un articulo en cualquier club,10,True,2026-05-07,2027-05-07,https://raw.githubusercontent.com/saicharan-gampa-devcoder/pricesmart-algolia-redirects-and-assets-for-pages/refs/heads/main/pricesmart-assets/landing-pages-images/terms_conditions_banner_v2.svg
gt-es-terms,gt-es-terms-como-devuelvo-una-compra-en-linea,gt,es,es-gt,landing_page,Términos y Condiciones,terminos-y-condiciones,https://www.pricesmart.com/es-gt/terminos-y-condiciones,como devuelvo una compra en linea,10,True,2026-05-07,2027-05-07,https://raw.githubusercontent.com/saicharan-gampa-devcoder/pricesmart-algolia-redirects-and-assets-for-pages/refs/heads/main/pricesmart-assets/landing-pages-images/terms_conditions_banner_v2.svg
gt-es-terms,gt-es-terms-cuanto-tiempo-tengo-para-devolver-un-articulo,gt,es,es-gt,landing_page,Términos y Condiciones,terminos-y-condiciones,https://www.pricesmart.com/es-gt/terminos-y-condiciones,cuanto tiempo tengo para devolver un articulo,10,True,2026-05-07,2027-05-07,https://raw.githubusercontent.com/saicharan-gampa-devcoder/pricesmart-algolia-redirects-and-assets-for-pages/refs/heads/main/pricesmart-assets/landing-pages-images/terms_conditions_banner_v2.svg
gt-es-terms,gt-es-terms-hay-productos-que-no-se-pueden-devolver,gt,es,es-gt,landing_page,Términos y Condiciones,terminos-y-condiciones,https://www.pricesmart.com/es-gt/terminos-y-condiciones,hay productos que no se pueden devolver,10,True,2026-05-07,2027-05-07,https://raw.githubusercontent.com/saicharan-gampa-devcoder/pricesmart-algolia-redirects-and-assets-for-pages/refs/heads/main/pricesmart-assets/landing-pages-images/terms_conditions_banner_v2.svg
gt-es-terms,gt-es-terms-que-hago-si-recibo-un-articulo-defectuoso,gt,es,es-gt,landing_page,Términos y Condiciones,terminos-y-condiciones,https://www.pricesmart.com/es-gt/terminos-y-condiciones,que hago si recibo un articulo defectuoso,10,True,2026-05-07,2027-05-07,https://raw.githubusercontent.com/saicharan-gampa-devcoder/pricesmart-algolia-redirects-and-assets-for-pages/refs/heads/main/pricesmart-assets/landing-pages-images/terms_conditions_banner_v2.svg
gt-es-terms,gt-es-terms-puedo-cambiar-un-producto,gt,es,es-gt,landing_page,Términos y Condiciones,terminos-y-condiciones,https://www.pricesmart.com/es-gt/terminos-y-condiciones,puedo cambiar un producto,10,True,2026-05-07,2027-05-07,https://raw.githubusercontent.com/saicharan-gampa-devcoder/pricesmart-algolia-redirects-and-assets-for-pages/refs/heads/main/pricesmart-assets/landing-pages-images/terms_conditions_banner_v2.svg
gt-en-credit-card,gt-en-credit-card-credit-card,gt,en,en-gt,landing_page,Credit Card,credit-card,https://www.pricesmart.com/en-gt/credit-card,credit card,8,True,2026-05-07,2026-12-31,https://raw.githubusercontent.com/saicharan-gampa-devcoder/pricesmart-algolia-redirects-and-assets-for-pages/9cc0c3cb96d2b3fb96009b0a99f20ac7c90ca6d9/pricesmart-assets/landing-pages-images/credit-card.svg
gt-en-credit-card,gt-en-credit-card-card,gt,en,en-gt,landing_page,Credit Card,credit-card,https://www.pricesmart.com/en-gt/credit-card,card,8,True,2026-05-07,2026-12-31,https://raw.githubusercontent.com/saicharan-gampa-devcoder/pricesmart-algolia-redirects-and-assets-for-pages/9cc0c3cb96d2b3fb96009b0a99f20ac7c90ca6d9/pricesmart-assets/landing-pages-images/credit-card.svg
gt-en-credit-card,gt-en-credit-card-credit,gt,en,en-gt,landing_page,Credit Card,credit-card,https://www.pricesmart.com/en-gt/credit-card,credit,8,True,2026-05-07,2026-12-31,https://raw.githubusercontent.com/saicharan-gampa-devcoder/pricesmart-algolia-redirects-and-assets-for-pages/9cc0c3cb96d2b3fb96009b0a99f20ac7c90ca6d9/pricesmart-assets/landing-pages-images/credit-card.svg
gt-en-credit-card,gt-en-credit-card-cash-back,gt,en,en-gt,landing_page,Credit Card,credit-card,https://www.pricesmart.com/en-gt/credit-card,cash back,8,True,2026-05-07,2026-12-31,https://raw.githubusercontent.com/saicharan-gampa-devcoder/pricesmart-algolia-redirects-and-assets-for-pages/9cc0c3cb96d2b3fb96009b0a99f20ac7c90ca6d9/pricesmart-assets/landing-pages-images/credit-card.svg
gt-en-credit-card,gt-en-credit-card-price-cash,gt,en,en-gt,landing_page,Credit Card,credit-card,https://www.pricesmart.com/en-gt/credit-card,price cash,8,True,2026-05-07,2026-12-31,https://raw.githubusercontent.com/saicharan-gampa-devcoder/pricesmart-algolia-redirects-and-assets-for-pages/9cc0c3cb96d2b3fb96009b0a99f20ac7c90ca6d9/pricesmart-assets/landing-pages-images/credit-card.svg
gt-en-credit-card,gt-en-credit-card-what-payment-methods-are-accepted,gt,en,en-gt,landing_page,Credit Card,credit-card,https://www.pricesmart.com/en-gt/credit-card,what payment methods are accepted,8,True,2026-05-07,2026-12-31,https://raw.githubusercontent.com/saicharan-gampa-devcoder/pricesmart-algolia-redirects-and-assets-for-pages/9cc0c3cb96d2b3fb96009b0a99f20ac7c90ca6d9/pricesmart-assets/landing-pages-images/credit-card.svg
gt-en-credit-card,gt-en-credit-card-can-i-pay-online-with-a-credit-card,gt,en,en-gt,landing_page,Credit Card,credit-card,https://www.pricesmart.com/en-gt/credit-card,can i pay online with a credit card,8,True,2026-05-07,2026-12-31,https://raw.githubusercontent.com/saicharan-gampa-devcoder/pricesmart-algolia-redirects-and-assets-for-pages/9cc0c3cb96d2b3fb96009b0a99f20ac7c90ca6d9/pricesmart-assets/landing-pages-images/credit-card.svg
gt-en-credit-card,gt-en-credit-card-are-debit-cards-accepted,gt,en,en-gt,landing_page,Credit Card,credit-card,https://www.pricesmart.com/en-gt/credit-card,are debit cards accepted,8,True,2026-05-07,2026-12-31,https://raw.githubusercontent.com/saicharan-gampa-devcoder/pricesmart-algolia-redirects-and-assets-for-pages/9cc0c3cb96d2b3fb96009b0a99f20ac7c90ca6d9/pricesmart-assets/landing-pages-images/credit-card.svg
gt-en-credit-card,gt-en-credit-card-can-i-use-cash-for-online-purchases,gt,en,en-gt,landing_page,Credit Card,credit-card,https://www.pricesmart.com/en-gt/credit-card,can i use cash for online purchases,8,True,2026-05-07,2026-12-31,https://raw.githubusercontent.com/saicharan-gampa-devcoder/pricesmart-algolia-redirects-and-assets-for-pages/9cc0c3cb96d2b3fb96009b0a99f20ac7c90ca6d9/pricesmart-assets/landing-pages-images/credit-card.svg
gt-es-credit-card,gt-es-credit-card-tarjeta-credito,gt,es,es-gt,landing_page,Tarjeta de Crédito,tarjeta-de-credito,https://www.pricesmart.com/es-gt/tarjeta-de-credito,tarjeta credito,8,True,2026-05-07,2026-12-31,https://raw.githubusercontent.com/saicharan-gampa-devcoder/pricesmart-algolia-redirects-and-assets-for-pages/9cc0c3cb96d2b3fb96009b0a99f20ac7c90ca6d9/pricesmart-assets/landing-pages-images/credit-card.svg
gt-es-credit-card,gt-es-credit-card-tarjeta,gt,es,es-gt,landing_page,Tarjeta de Crédito,tarjeta-de-credito,https://www.pricesmart.com/es-gt/tarjeta-de-credito,tarjeta,8,True,2026-05-07,2026-12-31,https://raw.githubusercontent.com/saicharan-gampa-devcoder/pricesmart-algolia-redirects-and-assets-for-pages/9cc0c3cb96d2b3fb96009b0a99f20ac7c90ca6d9/pricesmart-assets/landing-pages-images/credit-card.svg
gt-es-credit-card,gt-es-credit-card-credito,gt,es,es-gt,landing_page,Tarjeta de Crédito,tarjeta-de-credito,https://www.pricesmart.com/es-gt/tarjeta-de-credito,credito,8,True,2026-05-07,2026-12-31,https://raw.githubusercontent.com/saicharan-gampa-devcoder/pricesmart-algolia-redirects-and-assets-for-pages/9cc0c3cb96d2b3fb96009b0a99f20ac7c90ca6d9/pricesmart-assets/landing-pages-images/credit-card.svg
gt-es-credit-card,gt-es-credit-card-cash-back,gt,es,es-gt,landing_page,Tarjeta de Crédito,tarjeta-de-credito,https://www.pricesmart.com/es-gt/tarjeta-de-credito,cash back,8,True,2026-05-07,2026-12-31,https://raw.githubusercontent.com/saicharan-gampa-devcoder/pricesmart-algolia-redirects-and-assets-for-pages/9cc0c3cb96d2b3fb96009b0a99f20ac7c90ca6d9/pricesmart-assets/landing-pages-images/credit-card.svg
gt-es-credit-card,gt-es-credit-card-price-cash,gt,es,es-gt,landing_page,Tarjeta de Crédito,tarjeta-de-credito,https://www.pricesmart.com/es-gt/tarjeta-de-credito,price cash,8,True,2026-05-07,2026-12-31,https://raw.githubusercontent.com/saicharan-gampa-devcoder/pricesmart-algolia-redirects-and-assets-for-pages/9cc0c3cb96d2b3fb96009b0a99f20ac7c90ca6d9/pricesmart-assets/landing-pages-images/credit-card.svg
gt-es-credit-card,gt-es-credit-card-que-metodos-de-pago-se-aceptan,gt,es,es-gt,landing_page,Tarjeta de Crédito,tarjeta-de-credito,https://www.pricesmart.com/es-gt/tarjeta-de-credito,que metodos de pago se aceptan,8,True,2026-05-07,2026-12-31,https://raw.githubusercontent.com/saicharan-gampa-devcoder/pricesmart-algolia-redirects-and-assets-for-pages/9cc0c3cb96d2b3fb96009b0a99f20ac7c90ca6d9/pricesmart-assets/landing-pages-images/credit-card.svg
gt-es-credit-card,gt-es-credit-card-puedo-pagar-en-linea-con-tarjeta-de-credito,gt,es,es-gt,landing_page,Tarjeta de Crédito,tarjeta-de-credito,https://www.pricesmart.com/es-gt/tarjeta-de-credito,puedo pagar en linea con tarjeta de credito,8,True,2026-05-07,2026-12-31,https://raw.githubusercontent.com/saicharan-gampa-devcoder/pricesmart-algolia-redirects-and-assets-for-pages/9cc0c3cb96d2b3fb96009b0a99f20ac7c90ca6d9/pricesmart-assets/landing-pages-images/credit-card.svg
gt-es-credit-card,gt-es-credit-card-se-aceptan-tarjetas-de-debito,gt,es,es-gt,landing_page,Tarjeta de Crédito,tarjeta-de-credito,https://www.pricesmart.com/es-gt/tarjeta-de-credito,se aceptan tarjetas de debito,8,True,2026-05-07,2026-12-31,https://raw.githubusercontent.com/saicharan-gampa-devcoder/pricesmart-algolia-redirects-and-assets-for-pages/9cc0c3cb96d2b3fb96009b0a99f20ac7c90ca6d9/pricesmart-assets/landing-pages-images/credit-card.svg
gt-es-credit-card,gt-es-credit-card-puedo-pagar-en-efectivo-en-linea,gt,es,es-gt,landing_page,Tarjeta de Crédito,tarjeta-de-credito,https://www.pricesmart.com/es-gt/tarjeta-de-credito,puedo pagar en efectivo en linea,8,True,2026-05-07,2026-12-31,https://raw.githubusercontent.com/saicharan-gampa-devcoder/pricesmart-algolia-redirects-and-assets-for-pages/9cc0c3cb96d2b3fb96009b0a99f20ac7c90ca6d9/pricesmart-assets/landing-pages-images/credit-card.svg
